"https://doi.org/10.2307/4141594","","Gordon Brotherston","",0,"","2017-01-20T00:00:00Z",", pp. 466-467",""
"https://doi.org/10.2307/4141594","","Gordon Brotherston","",0,"","2017-01-20T00:00:00Z",", pp. 466-467",""
"https://doi.org/10.2307/30042487","Agricultural Rhythms and Rituals: Ancient Maya Solar Observation in Hinterland Blue Creek, Northwestern Belize","Gregory Zaro, Jon C. Lohse","",0,"","2017-01-20T00:00:00Z",", pp. 81-98",""
"https://doi.org/10.7183/1045-6635.24.1.72","An Analysis of pXRF Obsidian Source Attributions from Tikal, Guatemala","Hattula Moholy-Nagy, James Meierhoff, Mark Golitko, Caleb Kestle","",0,"","2017-01-20T00:00:00Z",", pp. 72-97",""
"https://doi.org/10.2307/25063048","An Ancient Maya Dock and Dam at Blue Creek, Rio Hondo, Belize","Jason W. Barrett, Thomas H. Guderjan","",0,"","2017-01-20T00:00:00Z",", pp. 227-239",""
"https://doi.org/10.2307/25063048","An Ancient Maya Dock and Dam at Blue Creek, Rio Hondo, Belize","Jason W. Barrett, Thomas H. Guderjan","",0,"","2017-01-20T00:00:00Z",", pp. 227-239",""
"https://doi.org/10.2307/25063048","An Ancient Maya Dock and Dam at Blue Creek, Rio Hondo, Belize","Jason W. Barrett, Thomas H. Guderjan","",0,"","2017-01-20T00:00:00Z",", pp. 227-239",""
"https://doi.org/10.2307/971741","An Early Classic Colonnaded Building at the Maya Site of Blue Creek, Belize","W. David Driver","",0,"","2017-01-20T00:00:00Z",", pp. 63-84",""
"https://doi.org/10.2307/971741","An Early Classic Colonnaded Building at the Maya Site of Blue Creek, Belize","W. David Driver","",0,"","2017-01-20T00:00:00Z",", pp. 63-84",""
"https://doi.org/10.2307/971986","","Paul F. Healy,  Kitty Emery, Lori E. Wright","",0,"","2017-01-20T00:00:00Z",", pp. 170-183",""
"https://doi.org/10.2307/971986","","Paul F. Healy,  Kitty Emery, Lori E. Wright","",0,"","2017-01-20T00:00:00Z",", pp. 170-183",""
"https://doi.org/10.7183/1045-6635.23.3.259","Ancient Manioc Agriculture South of the Ceren Village, El Salvador","Payson Sheets, David Lentz, Dolores Piperno, John Jones, Christine Dixon, George Maloof, Angela Hood","",0,"","2017-01-20T00:00:00Z",", pp. 259-281",""
"https://doi.org/10.7183/1045-6635.22.1.3","Archaeological Drawings as Re-Presentations: The Maps of Complex A, La Venta, Mexico","Susan D. Gillespie","",0,"","2017-01-20T00:00:00Z",", pp. 3-36",""
"https://doi.org/10.7183/1045-6635.22.1.3","Archaeological Drawings as Re-Presentations: The Maps of Complex A, La Venta, Mexico","Susan D. Gillespie","",0,"","2017-01-20T00:00:00Z",", pp. 3-36",""
"https://doi.org/10.7183/1045-6635.22.1.3","Archaeological Drawings as Re-Presentations: The Maps of Complex A, La Venta, Mexico","Susan D. Gillespie","",0,"","2017-01-20T00:00:00Z",", pp. 3-36",""
"https://doi.org/10.2307/971708","Archaeological Research at the Lowland Maya City of Rio Azul","Richard E. W. Adams","",0,"","2017-01-20T00:00:00Z",", pp. 23-41",""
"https://doi.org/10.2307/971708","Archaeological Research at the Lowland Maya City of Rio Azul","Richard E. W. Adams","",0,"","2017-01-20T00:00:00Z",", pp. 23-41",""
"https://doi.org/10.7183/1045-6635.21.3.312","Archaic Origins of the Lowland Maya","Jon C. Lohse","",0,"","2017-01-20T00:00:00Z",", pp. 312-352",""
"https://doi.org/10.2307/25063044","Architecture, Caching, and Foreign Contacts at Chac (II), Yucatan, Mexico","Michael P. Smyth","",0,"","2017-01-20T00:00:00Z",", pp. 123-149",""
"https://doi.org/10.2307/971912","Atalla: A Center on the Periphery of the Chavín Horizon","Richard L. Burger, Ramiro Matos Mendieta","",0,"","2017-01-20T00:00:00Z",", pp. 153-177",""
"https://doi.org/10.2307/971754","Beginnings of Village Life in Eastern Mesoamerica","Rosemary A. Joyce, John S. Henderson","",0,"","2017-01-20T00:00:00Z",", pp. 5-23",""
"https://doi.org/10.2307/971754","Beginnings of Village Life in Eastern Mesoamerica","Rosemary A. Joyce, John S. Henderson","",0,"","2017-01-20T00:00:00Z",", pp. 5-23",""
"https://doi.org/10.2307/971754","Beginnings of Village Life in Eastern Mesoamerica","Rosemary A. Joyce, John S. Henderson","",0,"","2017-01-20T00:00:00Z",", pp. 5-23",""
"https://doi.org/10.2307/25063087","Bioarchaeological Evidence for Social and Temporal Differences in Diet at Piedras Negras, Guatemala","Andrew K. Scherer,  Lori E. Wright, Cassady J. Yoder","",0,"","2017-01-20T00:00:00Z",", pp. 85-104",""
"https://doi.org/10.2307/971834","Calakmul: New Data from an Ancient Maya Capital in Campeche, Mexico","William J. Folan,  Joyce Marcus,  Sophia Pincemin,  María del Rosario Domínguez Carrasco,  Laraine Fletcher, Abel Morales López","",0,"","2017-01-20T00:00:00Z",", pp. 310-334",""
"https://doi.org/10.2307/971834","Calakmul: New Data from an Ancient Maya Capital in Campeche, Mexico","William J. Folan,  Joyce Marcus,  Sophia Pincemin,  María del Rosario Domínguez Carrasco,  Laraine Fletcher, Abel Morales López","",0,"","2017-01-20T00:00:00Z",", pp. 310-334",""
"https://doi.org/10.2307/971834","Calakmul: New Data from an Ancient Maya Capital in Campeche, Mexico","William J. Folan,  Joyce Marcus,  Sophia Pincemin,  María del Rosario Domínguez Carrasco,  Laraine Fletcher, Abel Morales López","",0,"","2017-01-20T00:00:00Z",", pp. 310-334",""
"https://doi.org/10.2307/971834","Calakmul: New Data from an Ancient Maya Capital in Campeche, Mexico","William J. Folan,  Joyce Marcus,  Sophia Pincemin,  María del Rosario Domínguez Carrasco,  Laraine Fletcher, Abel Morales López","",0,"","2017-01-20T00:00:00Z",", pp. 310-334",""
"https://doi.org/10.2307/971834","Calakmul: New Data from an Ancient Maya Capital in Campeche, Mexico","William J. Folan,  Joyce Marcus,  Sophia Pincemin,  María del Rosario Domínguez Carrasco,  Laraine Fletcher, Abel Morales López","",0,"","2017-01-20T00:00:00Z",", pp. 310-334",""
"https://doi.org/10.2307/971834","Calakmul: New Data from an Ancient Maya Capital in Campeche, Mexico","William J. Folan,  Joyce Marcus,  Sophia Pincemin,  María del Rosario Domínguez Carrasco,  Laraine Fletcher, Abel Morales López","",0,"","2017-01-20T00:00:00Z",", pp. 310-334",""
"https://doi.org/10.2307/971834","Calakmul: New Data from an Ancient Maya Capital in Campeche, Mexico","William J. Folan,  Joyce Marcus,  Sophia Pincemin,  María del Rosario Domínguez Carrasco,  Laraine Fletcher, Abel Morales López","",0,"","2017-01-20T00:00:00Z",", pp. 310-334",""
"https://doi.org/10.2307/971834","Calakmul: New Data from an Ancient Maya Capital in Campeche, Mexico","William J. Folan,  Joyce Marcus,  Sophia Pincemin,  María del Rosario Domínguez Carrasco,  Laraine Fletcher, Abel Morales López","",0,"","2017-01-20T00:00:00Z",", pp. 310-334",""
"https://doi.org/10.2307/971834","Calakmul: New Data from an Ancient Maya Capital in Campeche, Mexico","William J. Folan,  Joyce Marcus,  Sophia Pincemin,  María del Rosario Domínguez Carrasco,  Laraine Fletcher, Abel Morales López","",0,"","2017-01-20T00:00:00Z",", pp. 310-334",""
"https://doi.org/10.2307/971834","Calakmul: New Data from an Ancient Maya Capital in Campeche, Mexico","William J. Folan,  Joyce Marcus,  Sophia Pincemin,  María del Rosario Domínguez Carrasco,  Laraine Fletcher, Abel Morales López","",0,"","2017-01-20T00:00:00Z",", pp. 310-334",""
"https://doi.org/10.2307/972060","","Frances Hayashida","",0,"","2017-01-20T00:00:00Z",", pp. 221-222",""
"https://doi.org/10.1017/S1045663500002790","Chiconautla, Mexico: A Crossroads of Aztec Trade and Politics","Deborah L. Nichols, Christina Elson, Leslie G. Cecil, Nina Neivens de Estrada, Michael D. Glascock, Paula Mikkelsen","",0,"","2017-01-20T00:00:00Z",", pp. 443-472",""
"https://doi.org/10.1017/laq.2017.56","THE CHRONOLOGY OF THE FORMATIVE TO CLASSIC PERIOD TRANSITION AT IZAPA: A REEVALUATION","Rebecca R. Mendelsohn","",0,"","2017-11-16T00:00:00Z",", pp. 239-259",""
"https://doi.org/10.2307/25478195","Classic Maya Temples, Politics, and the Voice of the People","Lisa J. Lucero","",0,"","2017-01-20T00:00:00Z",", pp. 407-427",""
"https://doi.org/10.7183/1045-6635.21.3.274","Cloth Production and Economic Intensification in the Area Surrounding Chichen Itza","Traci Ardren, T. Kam Manahan, Julie Kay Wesp, Alejandra Alonso","",0,"","2017-01-20T00:00:00Z",", pp. 274-289",""
"https://doi.org/10.7183/1045-6635.23.1.70","The Color of Influence: A Provenance Study of Hematite-Based Paints on Early Olmec Carved Pottery","Clarus J. Backes, David Cheetham, Hector Neff","",0,"","2017-01-20T00:00:00Z",", pp. 70-92",""
"https://doi.org/10.7183/1045-6635.23.1.70","The Color of Influence: A Provenance Study of Hematite-Based Paints on Early Olmec Carved Pottery","Clarus J. Backes, David Cheetham, Hector Neff","",0,"","2017-01-20T00:00:00Z",", pp. 70-92",""
"https://doi.org/10.2307/3537012","Commodity or Gift: Teotihuacan Obsidian in the Maya Region","Michael W. Spence","",0,"","2017-01-20T00:00:00Z",", pp. 21-39",""
"https://doi.org/10.2307/971781","A Crisis of Identity: Late Classic Competition and Interaction on the Southeast Maya Periphery","Edward Schortman, Seiichi Nakamura","",0,"","2017-01-20T00:00:00Z",", pp. 311-336",""
"https://doi.org/10.1017/laq.2017.63","","Antonio Curet","",0,"","2017-11-23T00:00:00Z",", pp. 617-618",""
"https://doi.org/10.2307/971793","","Paul F. Healy","",0,"","2017-01-20T00:00:00Z",", pp. 295-297",""
"https://doi.org/10.2307/972105","Cultural Transformation at the Maya Postclassic Community of Laguna de On, Belize","Marilyn A. Masson","",0,"","2017-01-20T00:00:00Z",", pp. 293-316",""
"https://doi.org/10.7183/1045-6635.26.1.87","Dedication and Termination Rituals in Southern Moche Public Architecture","Jorge Gamboa Velásquez","",0,"","2017-01-20T00:00:00Z",", pp. 87-105",""
"https://doi.org/10.2307/971794","","Dean E. Arnold","",0,"","2017-01-20T00:00:00Z",", pp. 297-299",""
"https://doi.org/10.2307/30042816","","Julia A. Hendon","",0,"","2017-01-20T00:00:00Z",", pp. 229-231",""
"https://doi.org/10.2307/30042816","","Julia A. Hendon","",0,"","2017-01-20T00:00:00Z",", pp. 229-231",""
"https://doi.org/10.2307/30042816","","Julia A. Hendon","",0,"","2017-01-20T00:00:00Z",", pp. 229-231",""
"https://doi.org/10.2307/30042816","","Julia A. Hendon","",0,"","2017-01-20T00:00:00Z",", pp. 229-231",""
"https://doi.org/10.2307/30042816","","Julia A. Hendon","",0,"","2017-01-20T00:00:00Z",", pp. 229-231",""
"https://doi.org/10.2307/30042816","","Julia A. Hendon","",0,"","2017-01-20T00:00:00Z",", pp. 229-231",""
"https://doi.org/10.2307/30042816","","Julia A. Hendon","",0,"","2017-01-20T00:00:00Z",", pp. 229-231",""
"https://doi.org/10.2307/30042816","","Julia A. Hendon","",0,"","2017-01-20T00:00:00Z",", pp. 229-231",""
"https://doi.org/10.2307/30042816","","Julia A. Hendon","",0,"","2017-01-20T00:00:00Z",", pp. 229-231",""
"https://doi.org/10.2307/30042816","","Julia A. Hendon","",0,"","2017-01-20T00:00:00Z",", pp. 229-231",""
"https://doi.org/10.2307/30042816","","Julia A. Hendon","",0,"","2017-01-20T00:00:00Z",", pp. 229-231",""
"https://doi.org/10.2307/30042816","","Julia A. Hendon","",0,"","2017-01-20T00:00:00Z",", pp. 229-231",""
"https://doi.org/10.1017/S1045663500002534","The Economic Geography of Chert Lithic Production in the Southern Maya Lowlands: A Comparative Examination of Early-Stage Reduction Debris","C. Scott Speal","",0,"","2017-01-20T00:00:00Z",", pp. 91-119",""
"https://doi.org/10.1017/S1045663500008099","","Michael D. Coe","",0,"","2017-01-20T00:00:00Z",", pp. 280-281",""
"https://doi.org/10.1017/S1045663500008099","","Michael D. Coe","",0,"","2017-01-20T00:00:00Z",", pp. 280-281",""
"https://doi.org/10.2307/25063083","Elite Artists and Craft Producers in Classic Maya Society: Lithic Evidence from Aguateca, Guatemala","Kazuo Aoyama","",0,"","2017-01-20T00:00:00Z",", pp. 3-26",""
"https://doi.org/10.1017/laq.2018.1","EMBODIED SIGNS: READING GESTURE AND POSTURE IN CLASSIC MAYA DANCE","Mark Wright, Justine Lemos","",0,"","2018-04-10T00:00:00Z",", pp. 368-385",""
"https://doi.org/10.7183/1045-6635.27.4.549","A First Report of Variscite Tairona Artifacts (A.D. 1100-1600) from the Sierra Nevada de Santa Marta, Colombia, and Its Implications for Precolumbian exchange Networks in the Region","Natalia Acevedo, Marion Weber, Antonio García-Casco, Joaquín Antonio Proenza, Juanita Sáenz, Agustín Cardona","",0,"","2017-01-20T00:00:00Z",", pp. 549-560",""
"https://doi.org/10.7183/1045-6635.27.4.549","A First Report of Variscite Tairona Artifacts (A.D. 1100-1600) from the Sierra Nevada de Santa Marta, Colombia, and Its Implications for Precolumbian exchange Networks in the Region","Natalia Acevedo, Marion Weber, Antonio García-Casco, Joaquín Antonio Proenza, Juanita Sáenz, Agustín Cardona","",0,"","2017-01-20T00:00:00Z",", pp. 549-560",""
"https://doi.org/10.2307/971879","Flakes to Blades? Middle Formative Development of Obsidian Artifacts in the Upper Belize River Valley","Jaime Awe, Paul F. Healy","",0,"","2017-01-20T00:00:00Z",", pp. 193-205",""
"https://doi.org/10.7183/1045-6635.22.2.199","Formation of a Complex Polity on the Eastern Periphery of the Maya Lowlands","Keith M. Prufer,  Holley Moyes,  Brendan J. Culleton,  Andrew Kindon, Douglas J. Kennett","",0,"","2017-01-20T00:00:00Z",", pp. 199-223",""
"https://doi.org/10.7183/1045-6635.22.2.199","Formation of a Complex Polity on the Eastern Periphery of the Maya Lowlands","Keith M. Prufer,  Holley Moyes,  Brendan J. Culleton,  Andrew Kindon, Douglas J. Kennett","",0,"","2017-01-20T00:00:00Z",", pp. 199-223",""
"https://doi.org/10.2307/971903","Formative-Period Architecture at the Site of Yarumela, Central Honduras","Boyd Dixon, L. R. V. Joesink-Mandeville, Nobukatsu Hasebe, Michael Mucio, William Vincent, David James, Kenneth Petersen","",0,"","2017-01-20T00:00:00Z",", pp. 70-87",""
"https://doi.org/10.2307/971903","Formative-Period Architecture at the Site of Yarumela, Central Honduras","Boyd Dixon, L. R. V. Joesink-Mandeville, Nobukatsu Hasebe, Michael Mucio, William Vincent, David James, Kenneth Petersen","",0,"","2017-01-20T00:00:00Z",", pp. 70-87",""
"https://doi.org/10.2307/972000","From Discard to Divination: Demarcating the Sacred Through the Collection and Curation of Discarded Objects","Linda A. Brown","",0,"","2017-01-20T00:00:00Z",", pp. 319-333",""
"https://doi.org/10.7183/1045-6635.27.4.462","From Tula Chico to Chichén Itzá: Implications of the Epiclassic Sculpture of Tula for the Nature and Timing of Tula-Chichén Contact","Keith Jordan","",0,"","2017-01-20T00:00:00Z",", pp. 462-478",""
"https://doi.org/10.1017/S1045663500007938","Garbage of the Gods? Squatters, Refuse Disposal, and Termination Rituals among the Ancient Maya","Travis W. Stanton, M. Kathryn Brown, Jonathan B. Pagliaro","",0,"","2017-01-20T00:00:00Z",", pp. 227-247",""
"https://doi.org/10.2307/30042815","","Frederick W. Lange","",0,"","2017-01-20T00:00:00Z",", pp. 226-229",""
"https://doi.org/10.2307/30042815","","Frederick W. Lange","",0,"","2017-01-20T00:00:00Z",", pp. 226-229",""
"https://doi.org/10.2307/30042815","","Frederick W. Lange","",0,"","2017-01-20T00:00:00Z",", pp. 226-229",""
"https://doi.org/10.2307/30042815","","Frederick W. Lange","",0,"","2017-01-20T00:00:00Z",", pp. 226-229",""
"https://doi.org/10.2307/30042815","","Frederick W. Lange","",0,"","2017-01-20T00:00:00Z",", pp. 226-229",""
"https://doi.org/10.2307/30042815","","Frederick W. Lange","",0,"","2017-01-20T00:00:00Z",", pp. 226-229",""
"https://doi.org/10.2307/30042815","","Frederick W. Lange","",0,"","2017-01-20T00:00:00Z",", pp. 226-229",""
"https://doi.org/10.2307/30042815","","Frederick W. Lange","",0,"","2017-01-20T00:00:00Z",", pp. 226-229",""
"https://doi.org/10.2307/30042815","","Frederick W. Lange","",0,"","2017-01-20T00:00:00Z",", pp. 226-229",""
"https://doi.org/10.2307/30042815","","Frederick W. Lange","",0,"","2017-01-20T00:00:00Z",", pp. 226-229",""
"https://doi.org/10.2307/30042815","","Frederick W. Lange","",0,"","2017-01-20T00:00:00Z",", pp. 226-229",""
"https://doi.org/10.2307/30042815","","Frederick W. Lange","",0,"","2017-01-20T00:00:00Z",", pp. 226-229",""
"https://doi.org/10.2307/30042815","","Frederick W. Lange","",0,"","2017-01-20T00:00:00Z",", pp. 226-229",""
"https://doi.org/10.2307/30042815","","Frederick W. Lange","",0,"","2017-01-20T00:00:00Z",", pp. 226-229",""
"https://doi.org/10.2307/30042815","","Frederick W. Lange","",0,"","2017-01-20T00:00:00Z",", pp. 226-229",""
"https://doi.org/10.2307/30042815","","Frederick W. Lange","",0,"","2017-01-20T00:00:00Z",", pp. 226-229",""
"https://doi.org/10.2307/30042815","","Frederick W. Lange","",0,"","2017-01-20T00:00:00Z",", pp. 226-229",""
"https://doi.org/10.2307/30042815","","Frederick W. Lange","",0,"","2017-01-20T00:00:00Z",", pp. 226-229",""
"https://doi.org/10.2307/30042815","","Frederick W. Lange","",0,"","2017-01-20T00:00:00Z",", pp. 226-229",""
"https://doi.org/10.2307/30042815","","Frederick W. Lange","",0,"","2017-01-20T00:00:00Z",", pp. 226-229",""
"https://doi.org/10.2307/30042815","","Frederick W. Lange","",0,"","2017-01-20T00:00:00Z",", pp. 226-229",""
"https://doi.org/10.2307/30042815","","Frederick W. Lange","",0,"","2017-01-20T00:00:00Z",", pp. 226-229",""
"https://doi.org/10.2307/30042815","","Frederick W. Lange","",0,"","2017-01-20T00:00:00Z",", pp. 226-229",""
"https://doi.org/10.1017/laq.2018.19","","Rex Koontz","",0,"","2018-05-08T00:00:00Z",", pp. 409-410",""
"https://doi.org/10.1017/laq.2018.19","","Rex Koontz","",0,"","2018-05-08T00:00:00Z",", pp. 409-410",""
"https://doi.org/10.1017/laq.2018.19","","Rex Koontz","",0,"","2018-05-08T00:00:00Z",", pp. 409-410",""
"https://doi.org/10.1017/laq.2018.19","","Rex Koontz","",0,"","2018-05-08T00:00:00Z",", pp. 409-410",""
"https://doi.org/10.1017/laq.2018.19","","Rex Koontz","",0,"","2018-05-08T00:00:00Z",", pp. 409-410",""
"https://doi.org/10.1017/laq.2018.19","","Rex Koontz","",0,"","2018-05-08T00:00:00Z",", pp. 409-410",""
"https://doi.org/10.1017/laq.2018.19","","Rex Koontz","",0,"","2018-05-08T00:00:00Z",", pp. 409-410",""
"https://doi.org/10.1017/laq.2018.19","","Rex Koontz","",0,"","2018-05-08T00:00:00Z",", pp. 409-410",""
"https://doi.org/10.1017/laq.2018.19","","Rex Koontz","",0,"","2018-05-08T00:00:00Z",", pp. 409-410",""
"https://doi.org/10.1017/laq.2018.19","","Rex Koontz","",0,"","2018-05-08T00:00:00Z",", pp. 409-410",""
"https://doi.org/10.1017/laq.2018.19","","Rex Koontz","",0,"","2018-05-08T00:00:00Z",", pp. 409-410",""
"https://doi.org/10.2307/3557578","Guardian of the Acropolis: The Sacred Space of a Royal Burial at Piedras Negras, Guatemala","James L. Fitzsimmons,  Andrew Scherer,  Stephen D. Houston, Héctor L. Escobedo","",0,"","2017-01-20T00:00:00Z",", pp. 449-468",""
"https://doi.org/10.2307/3557578","Guardian of the Acropolis: The Sacred Space of a Royal Burial at Piedras Negras, Guatemala","James L. Fitzsimmons,  Andrew Scherer,  Stephen D. Houston, Héctor L. Escobedo","",0,"","2017-01-20T00:00:00Z",", pp. 449-468",""
"https://doi.org/10.2307/3557578","Guardian of the Acropolis: The Sacred Space of a Royal Burial at Piedras Negras, Guatemala","James L. Fitzsimmons,  Andrew Scherer,  Stephen D. Houston, Héctor L. Escobedo","",0,"","2017-01-20T00:00:00Z",", pp. 449-468",""
"https://doi.org/10.2307/3557578","Guardian of the Acropolis: The Sacred Space of a Royal Burial at Piedras Negras, Guatemala","James L. Fitzsimmons,  Andrew Scherer,  Stephen D. Houston, Héctor L. Escobedo","",0,"","2017-01-20T00:00:00Z",", pp. 449-468",""
"https://doi.org/10.2307/3557578","Guardian of the Acropolis: The Sacred Space of a Royal Burial at Piedras Negras, Guatemala","James L. Fitzsimmons,  Andrew Scherer,  Stephen D. Houston, Héctor L. Escobedo","",0,"","2017-01-20T00:00:00Z",", pp. 449-468",""
"https://doi.org/10.2307/3557578","Guardian of the Acropolis: The Sacred Space of a Royal Burial at Piedras Negras, Guatemala","James L. Fitzsimmons,  Andrew Scherer,  Stephen D. Houston, Héctor L. Escobedo","",0,"","2017-01-20T00:00:00Z",", pp. 449-468",""
"https://doi.org/10.2307/3557578","Guardian of the Acropolis: The Sacred Space of a Royal Burial at Piedras Negras, Guatemala","James L. Fitzsimmons,  Andrew Scherer,  Stephen D. Houston, Héctor L. Escobedo","",0,"","2017-01-20T00:00:00Z",", pp. 449-468",""
"https://doi.org/10.2307/3557578","Guardian of the Acropolis: The Sacred Space of a Royal Burial at Piedras Negras, Guatemala","James L. Fitzsimmons,  Andrew Scherer,  Stephen D. Houston, Héctor L. Escobedo","",0,"","2017-01-20T00:00:00Z",", pp. 449-468",""
"https://doi.org/10.2307/3557578","Guardian of the Acropolis: The Sacred Space of a Royal Burial at Piedras Negras, Guatemala","James L. Fitzsimmons,  Andrew Scherer,  Stephen D. Houston, Héctor L. Escobedo","",0,"","2017-01-20T00:00:00Z",", pp. 449-468",""
"https://doi.org/10.2307/3557578","Guardian of the Acropolis: The Sacred Space of a Royal Burial at Piedras Negras, Guatemala","James L. Fitzsimmons,  Andrew Scherer,  Stephen D. Houston, Héctor L. Escobedo","",0,"","2017-01-20T00:00:00Z",", pp. 449-468",""
"https://doi.org/10.2307/3557578","Guardian of the Acropolis: The Sacred Space of a Royal Burial at Piedras Negras, Guatemala","James L. Fitzsimmons,  Andrew Scherer,  Stephen D. Houston, Héctor L. Escobedo","",0,"","2017-01-20T00:00:00Z",", pp. 449-468",""
"https://doi.org/10.2307/3557578","Guardian of the Acropolis: The Sacred Space of a Royal Burial at Piedras Negras, Guatemala","James L. Fitzsimmons,  Andrew Scherer,  Stephen D. Houston, Héctor L. Escobedo","",0,"","2017-01-20T00:00:00Z",", pp. 449-468",""
"https://doi.org/10.2307/3557578","Guardian of the Acropolis: The Sacred Space of a Royal Burial at Piedras Negras, Guatemala","James L. Fitzsimmons,  Andrew Scherer,  Stephen D. Houston, Héctor L. Escobedo","",0,"","2017-01-20T00:00:00Z",", pp. 449-468",""
"https://doi.org/10.2307/3557578","Guardian of the Acropolis: The Sacred Space of a Royal Burial at Piedras Negras, Guatemala","James L. Fitzsimmons,  Andrew Scherer,  Stephen D. Houston, Héctor L. Escobedo","",0,"","2017-01-20T00:00:00Z",", pp. 449-468",""
"https://doi.org/10.2307/3557578","Guardian of the Acropolis: The Sacred Space of a Royal Burial at Piedras Negras, Guatemala","James L. Fitzsimmons,  Andrew Scherer,  Stephen D. Houston, Héctor L. Escobedo","",0,"","2017-01-20T00:00:00Z",", pp. 449-468",""
"https://doi.org/10.2307/3557578","Guardian of the Acropolis: The Sacred Space of a Royal Burial at Piedras Negras, Guatemala","James L. Fitzsimmons,  Andrew Scherer,  Stephen D. Houston, Héctor L. Escobedo","",0,"","2017-01-20T00:00:00Z",", pp. 449-468",""
"https://doi.org/10.2307/3557578","Guardian of the Acropolis: The Sacred Space of a Royal Burial at Piedras Negras, Guatemala","James L. Fitzsimmons,  Andrew Scherer,  Stephen D. Houston, Héctor L. Escobedo","",0,"","2017-01-20T00:00:00Z",", pp. 449-468",""
"https://doi.org/10.2307/3557578","Guardian of the Acropolis: The Sacred Space of a Royal Burial at Piedras Negras, Guatemala","James L. Fitzsimmons,  Andrew Scherer,  Stephen D. Houston, Héctor L. Escobedo","",0,"","2017-01-20T00:00:00Z",", pp. 449-468",""
"https://doi.org/10.2307/972061","","David Webster","",0,"","2017-01-20T00:00:00Z",", pp. 222-223",""
"https://doi.org/10.1017/S1045663500002807","Household and Status in Formative Central Mexico: Domestic Structures, Assemblages, and Practices at La Laguna, Tlaxcala","David M. Carballo","",0,"","2017-01-20T00:00:00Z",", pp. 473-501",""
"https://doi.org/10.1017/S1045663500002807","Household and Status in Formative Central Mexico: Domestic Structures, Assemblages, and Practices at La Laguna, Tlaxcala","David M. Carballo","",0,"","2017-01-20T00:00:00Z",", pp. 473-501",""
"https://doi.org/10.1017/S1045663500002807","Household and Status in Formative Central Mexico: Domestic Structures, Assemblages, and Practices at La Laguna, Tlaxcala","David M. Carballo","",0,"","2017-01-20T00:00:00Z",", pp. 473-501",""
"https://doi.org/10.2307/972111","Houses on a Hill: Classic Period Life at El Palmillo, Oaxaca, Mexico","Gary M. Feinman,  Linda M. Nicholas, Helen R. Haines","",0,"","2017-01-20T00:00:00Z",", pp. 251-277",""
"https://doi.org/10.2307/972111","Houses on a Hill: Classic Period Life at El Palmillo, Oaxaca, Mexico","Gary M. Feinman,  Linda M. Nicholas, Helen R. Haines","",0,"","2017-01-20T00:00:00Z",", pp. 251-277",""
"https://doi.org/10.2307/972111","Houses on a Hill: Classic Period Life at El Palmillo, Oaxaca, Mexico","Gary M. Feinman,  Linda M. Nicholas, Helen R. Haines","",0,"","2017-01-20T00:00:00Z",", pp. 251-277",""
"https://doi.org/10.7183/1045-6635.23.4.426","Human Sacrifice During the Epiclassic Period in the Northern Basin of Mexico","Christopher T. Morehart, Abigail Meza Peñaloza, Carlos Serrano Sánchez, Emily McClung de Tapia, Emilio Ibarra Morales","",0,"","2017-01-20T00:00:00Z",", pp. 426-448",""
"https://doi.org/10.7183/1045-6635.24.4.371","Ideological Pathways to Economic Exchange: Religion, Economy, and Legitimation at the Classic Maya Royal Capital of Cancuén","Arthur A. Demarest","",0,"","2017-11-21T00:00:00Z",", pp. 371-402",""
"https://doi.org/10.7183/1045-6635.24.4.371","Ideological Pathways to Economic Exchange: Religion, Economy, and Legitimation at the Classic Maya Royal Capital of Cancuén","Arthur A. Demarest","",0,"","2017-11-21T00:00:00Z",", pp. 371-402",""
"https://doi.org/10.7183/1045-6635.24.4.371","Ideological Pathways to Economic Exchange: Religion, Economy, and Legitimation at the Classic Maya Royal Capital of Cancuén","Arthur A. Demarest","",0,"","2017-11-21T00:00:00Z",", pp. 371-402",""
"https://doi.org/10.7183/1045-6635.24.4.371","Ideological Pathways to Economic Exchange: Religion, Economy, and Legitimation at the Classic Maya Royal Capital of Cancuén","Arthur A. Demarest","",0,"","2017-11-21T00:00:00Z",", pp. 371-402",""
"https://doi.org/10.7183/1045-6635.24.4.371","Ideological Pathways to Economic Exchange: Religion, Economy, and Legitimation at the Classic Maya Royal Capital of Cancuén","Arthur A. Demarest","",0,"","2017-11-21T00:00:00Z",", pp. 371-402",""
"https://doi.org/10.7183/1045-6635.24.4.371","Ideological Pathways to Economic Exchange: Religion, Economy, and Legitimation at the Classic Maya Royal Capital of Cancuén","Arthur A. Demarest","",0,"","2017-11-21T00:00:00Z",", pp. 371-402",""
"https://doi.org/10.7183/1045-6635.24.4.371","Ideological Pathways to Economic Exchange: Religion, Economy, and Legitimation at the Classic Maya Royal Capital of Cancuén","Arthur A. Demarest","",0,"","2017-11-21T00:00:00Z",", pp. 371-402",""
"https://doi.org/10.7183/1045-6635.24.4.371","Ideological Pathways to Economic Exchange: Religion, Economy, and Legitimation at the Classic Maya Royal Capital of Cancuén","Arthur A. Demarest","",0,"","2017-11-21T00:00:00Z",", pp. 371-402",""
"https://doi.org/10.7183/1045-6635.24.4.371","Ideological Pathways to Economic Exchange: Religion, Economy, and Legitimation at the Classic Maya Royal Capital of Cancuén","Arthur A. Demarest","",0,"","2017-11-21T00:00:00Z",", pp. 371-402",""
"https://doi.org/10.7183/1045-6635.24.4.371","Ideological Pathways to Economic Exchange: Religion, Economy, and Legitimation at the Classic Maya Royal Capital of Cancuén","Arthur A. Demarest","",0,"","2017-11-21T00:00:00Z",", pp. 371-402",""
"https://doi.org/10.7183/1045-6635.24.4.371","Ideological Pathways to Economic Exchange: Religion, Economy, and Legitimation at the Classic Maya Royal Capital of Cancuén","Arthur A. Demarest","",0,"","2017-11-21T00:00:00Z",", pp. 371-402",""
"https://doi.org/10.7183/1045-6635.24.4.371","Ideological Pathways to Economic Exchange: Religion, Economy, and Legitimation at the Classic Maya Royal Capital of Cancuén","Arthur A. Demarest","",0,"","2017-11-21T00:00:00Z",", pp. 371-402",""
"https://doi.org/10.7183/1045-6635.24.4.371","Ideological Pathways to Economic Exchange: Religion, Economy, and Legitimation at the Classic Maya Royal Capital of Cancuén","Arthur A. Demarest","",0,"","2017-11-21T00:00:00Z",", pp. 371-402",""
"https://doi.org/10.7183/1045-6635.24.4.371","Ideological Pathways to Economic Exchange: Religion, Economy, and Legitimation at the Classic Maya Royal Capital of Cancuén","Arthur A. Demarest","",0,"","2017-11-21T00:00:00Z",", pp. 371-402",""
"https://doi.org/10.7183/1045-6635.24.4.371","Ideological Pathways to Economic Exchange: Religion, Economy, and Legitimation at the Classic Maya Royal Capital of Cancuén","Arthur A. Demarest","",0,"","2017-11-21T00:00:00Z",", pp. 371-402",""
"https://doi.org/10.7183/1045-6635.24.4.371","Ideological Pathways to Economic Exchange: Religion, Economy, and Legitimation at the Classic Maya Royal Capital of Cancuén","Arthur A. Demarest","",0,"","2017-11-21T00:00:00Z",", pp. 371-402",""
"https://doi.org/10.7183/1045-6635.24.4.371","Ideological Pathways to Economic Exchange: Religion, Economy, and Legitimation at the Classic Maya Royal Capital of Cancuén","Arthur A. Demarest","",0,"","2017-11-21T00:00:00Z",", pp. 371-402",""
"https://doi.org/10.7183/1045-6635.24.4.371","Ideological Pathways to Economic Exchange: Religion, Economy, and Legitimation at the Classic Maya Royal Capital of Cancuén","Arthur A. Demarest","",0,"","2017-11-21T00:00:00Z",", pp. 371-402",""
"https://doi.org/10.7183/1045-6635.24.4.371","Ideological Pathways to Economic Exchange: Religion, Economy, and Legitimation at the Classic Maya Royal Capital of Cancuén","Arthur A. Demarest","",0,"","2017-11-21T00:00:00Z",", pp. 371-402",""
"https://doi.org/10.7183/1045-6635.24.4.371","Ideological Pathways to Economic Exchange: Religion, Economy, and Legitimation at the Classic Maya Royal Capital of Cancuén","Arthur A. Demarest","",0,"","2017-11-21T00:00:00Z",", pp. 371-402",""
"https://doi.org/10.7183/1045-6635.24.4.371","Ideological Pathways to Economic Exchange: Religion, Economy, and Legitimation at the Classic Maya Royal Capital of Cancuén","Arthur A. Demarest","",0,"","2017-11-21T00:00:00Z",", pp. 371-402",""
"https://doi.org/10.7183/1045-6635.24.4.371","Ideological Pathways to Economic Exchange: Religion, Economy, and Legitimation at the Classic Maya Royal Capital of Cancuén","Arthur A. Demarest","",0,"","2017-11-21T00:00:00Z",", pp. 371-402",""
"https://doi.org/10.7183/1045-6635.24.4.371","Ideological Pathways to Economic Exchange: Religion, Economy, and Legitimation at the Classic Maya Royal Capital of Cancuén","Arthur A. Demarest","",0,"","2017-11-21T00:00:00Z",", pp. 371-402",""
"https://doi.org/10.7183/1045-6635.24.4.371","Ideological Pathways to Economic Exchange: Religion, Economy, and Legitimation at the Classic Maya Royal Capital of Cancuén","Arthur A. Demarest","",0,"","2017-11-21T00:00:00Z",", pp. 371-402",""
"https://doi.org/10.7183/1045-6635.24.4.371","Ideological Pathways to Economic Exchange: Religion, Economy, and Legitimation at the Classic Maya Royal Capital of Cancuén","Arthur A. Demarest","",0,"","2017-11-21T00:00:00Z",", pp. 371-402",""
"https://doi.org/10.2307/25478193","In Search of an Ancient Maya Market","Bruce H. Dahlin, Christopher T. Jensen, Richard E. Terry, David R. Wright, Timothy Beach","",0,"","2017-01-20T00:00:00Z",", pp. 363-384",""
"https://doi.org/10.2307/25478193","In Search of an Ancient Maya Market","Bruce H. Dahlin, Christopher T. Jensen, Richard E. Terry, David R. Wright, Timothy Beach","",0,"","2017-01-20T00:00:00Z",", pp. 363-384",""
"https://doi.org/10.2307/4141593","","Debra S. Walker","",0,"","2017-01-20T00:00:00Z",", pp. 464-466",""
"https://doi.org/10.2307/4141593","","Debra S. Walker","",0,"","2017-01-20T00:00:00Z",", pp. 464-466",""
"https://doi.org/10.2307/30042508","Interregional Relationships in Mesoamerica: Interpreting Maya Ceramics at Teotihuacan","Sarah C. Clayton","",0,"","2017-01-20T00:00:00Z",", pp. 427-448",""
"https://doi.org/10.1017/S1045663500002492","Isotopic Evidence for Diet at Chau Hiix, Belize: Testing Regional Models of Hierarchy and Heterarchy","Jessica Z. Metcalfe, Christine D. White, Fred J. Longstaffe, Gabriel Wrobel, Della Collins Cook, K. Anne Pyburn","",0,"","2017-01-20T00:00:00Z",", pp. 15-36",""
"https://doi.org/10.1017/S1045663500002492","Isotopic Evidence for Diet at Chau Hiix, Belize: Testing Regional Models of Hierarchy and Heterarchy","Jessica Z. Metcalfe, Christine D. White, Fred J. Longstaffe, Gabriel Wrobel, Della Collins Cook, K. Anne Pyburn","",0,"","2017-01-20T00:00:00Z",", pp. 15-36",""
"https://doi.org/10.2307/971954","","Donald McVicker","",0,"","2017-01-20T00:00:00Z",", pp. 365-366",""
"https://doi.org/10.2307/971954","","Donald McVicker","",0,"","2017-01-20T00:00:00Z",", pp. 365-366",""
"https://doi.org/10.7183/1045-6635.27.2.149","A King's Apotheosis: Iconography, Text, and Politics from a Classic Maya Temple at Holmul","Francisco Estrada-Belli, Alexandre Tokovinine","",0,"","2017-01-20T00:00:00Z",", pp. 149-168",""
"https://doi.org/10.1017/laq.2016.8","LATE PLEISTOCENE FUEL MANAGEMENT AND HUMAN COLONIZATION OF THE ATACAMA DESERT, NORTHERN CHILE","Delphine Joly, Calogero M. Santoro, Eugenia M. Gayo, Paula C. Ugalde, Ramiro J. March, René Carmona, Dominique Marguerie, Claudio Latorre","",0,"","2017-02-15T00:00:00Z",", pp. 144-160",""
"https://doi.org/10.2307/972224","Left/Right Symbolism and the Body in Ancient Maya Iconography and Culture","Joel W. Palka","",0,"","2017-01-20T00:00:00Z",", pp. 419-443",""
"https://doi.org/10.2307/972147","The Long Goodbye: Middle Preclassic Maya Archaeology at Cuello, Belize","Norman Hammond, Amanda Clarke, Sara Donaghey","",0,"","2017-01-20T00:00:00Z",", pp. 120-128",""
"https://doi.org/10.2307/972147","The Long Goodbye: Middle Preclassic Maya Archaeology at Cuello, Belize","Norman Hammond, Amanda Clarke, Sara Donaghey","",0,"","2017-01-20T00:00:00Z",", pp. 120-128",""
"https://doi.org/10.2307/971864","","Constance Cortez","",0,"","2017-01-20T00:00:00Z",", pp. 204-205",""
"https://doi.org/10.2307/971864","","Constance Cortez","",0,"","2017-01-20T00:00:00Z",", pp. 204-205",""
"https://doi.org/10.2307/971864","","Constance Cortez","",0,"","2017-01-20T00:00:00Z",", pp. 204-205",""
"https://doi.org/10.2307/971845","","Clemency Chase Coggins","",0,"","2017-01-20T00:00:00Z",", pp. 377-378",""
"https://doi.org/10.1017/S1045663500002509","Maya Marine Subsistence: Isotopic Evidence from Marco Gonzalez and San Pedro, Belize","Jocelyn S. Williams, Christine D. White, Fred J. Longstaffe","",0,"","2017-01-20T00:00:00Z",", pp. 37-56",""
"https://doi.org/10.1017/S1045663500002595","A Maya Palace at Holmul, Peten, Guatemala and the Teotihuacan “Entrada”: Evidence from Murals 7 and 9","Francisco Estrada-Belli, Alexandre Tokovinine, Jennifer M. Foley, Heather Hurst, Gene A. Ware, David Stuart, Nikolai Grube","",0,"","2017-01-20T00:00:00Z",", pp. 228-259",""
"https://doi.org/10.1017/S1045663500002595","A Maya Palace at Holmul, Peten, Guatemala and the Teotihuacan “Entrada”: Evidence from Murals 7 and 9","Francisco Estrada-Belli, Alexandre Tokovinine, Jennifer M. Foley, Heather Hurst, Gene A. Ware, David Stuart, Nikolai Grube","",0,"","2017-01-20T00:00:00Z",", pp. 228-259",""
"https://doi.org/10.2307/972032","Mexican Obsidian at Tikal, Guatemala","Hattula Moholy-Nagy","",0,"","2017-01-20T00:00:00Z",", pp. 300-313",""
"https://doi.org/10.2307/972032","Mexican Obsidian at Tikal, Guatemala","Hattula Moholy-Nagy","",0,"","2017-01-20T00:00:00Z",", pp. 300-313",""
"https://doi.org/10.2307/972032","Mexican Obsidian at Tikal, Guatemala","Hattula Moholy-Nagy","",0,"","2017-01-20T00:00:00Z",", pp. 300-313",""
"https://doi.org/10.2307/971783","Middle Preclassic Buildings and Burials at Cuello, Belize: 1990 Investigations","Norman Hammond, Amanda Clarke, Cynthia Robin","",0,"","2017-01-20T00:00:00Z",", pp. 352-363",""
"https://doi.org/10.2307/971783","Middle Preclassic Buildings and Burials at Cuello, Belize: 1990 Investigations","Norman Hammond, Amanda Clarke, Cynthia Robin","",0,"","2017-01-20T00:00:00Z",", pp. 352-363",""
"https://doi.org/10.2307/971783","Middle Preclassic Buildings and Burials at Cuello, Belize: 1990 Investigations","Norman Hammond, Amanda Clarke, Cynthia Robin","",0,"","2017-01-20T00:00:00Z",", pp. 352-363",""
"https://doi.org/10.2307/971783","Middle Preclassic Buildings and Burials at Cuello, Belize: 1990 Investigations","Norman Hammond, Amanda Clarke, Cynthia Robin","",0,"","2017-01-20T00:00:00Z",", pp. 352-363",""
"https://doi.org/10.2307/971783","Middle Preclassic Buildings and Burials at Cuello, Belize: 1990 Investigations","Norman Hammond, Amanda Clarke, Cynthia Robin","",0,"","2017-01-20T00:00:00Z",", pp. 352-363",""
"https://doi.org/10.2307/971783","Middle Preclassic Buildings and Burials at Cuello, Belize: 1990 Investigations","Norman Hammond, Amanda Clarke, Cynthia Robin","",0,"","2017-01-20T00:00:00Z",", pp. 352-363",""
"https://doi.org/10.2307/971783","Middle Preclassic Buildings and Burials at Cuello, Belize: 1990 Investigations","Norman Hammond, Amanda Clarke, Cynthia Robin","",0,"","2017-01-20T00:00:00Z",", pp. 352-363",""
"https://doi.org/10.2307/971783","Middle Preclassic Buildings and Burials at Cuello, Belize: 1990 Investigations","Norman Hammond, Amanda Clarke, Cynthia Robin","",0,"","2017-01-20T00:00:00Z",", pp. 352-363",""
"https://doi.org/10.2307/971783","Middle Preclassic Buildings and Burials at Cuello, Belize: 1990 Investigations","Norman Hammond, Amanda Clarke, Cynthia Robin","",0,"","2017-01-20T00:00:00Z",", pp. 352-363",""
"https://doi.org/10.2307/971709","The Moche Revolt of the Objects","Jeffrey Quilter","",0,"","2017-01-20T00:00:00Z",", pp. 42-65",""
"https://doi.org/10.2307/4141563","Monte Negro and the Urban Revolution in Oaxaca, Mexico","Andrew K. Balkansky, Verónica Pérez Rodríguez, Stephen A. Kowalewski","",0,"","2017-01-20T00:00:00Z",", pp. 33-60",""
"https://doi.org/10.2307/972030","Mortuary Patterns of Regional Elites in the Lake Patzcuaro Basin of Western Mexico","Helen Perlstein Pollard, Laura Cahue","",0,"","2017-01-20T00:00:00Z",", pp. 259-280",""
"https://doi.org/10.2307/972030","Mortuary Patterns of Regional Elites in the Lake Patzcuaro Basin of Western Mexico","Helen Perlstein Pollard, Laura Cahue","",0,"","2017-01-20T00:00:00Z",", pp. 259-280",""
"https://doi.org/10.7183/1045-6635.25.1.65","Multi-Proxy Analysis of Plant use at Formative Period Los Naranjos, Honduras","Shanti Morell-Hart, Rosemary A. Joyce, John S. Henderson","",0,"","2017-01-20T00:00:00Z",", pp. 65-81",""
"https://doi.org/10.7183/1045-6635.26.2.279","","Zachary Hruby","",0,"","2017-01-20T00:00:00Z",", pp. 279-280",""
"https://doi.org/10.2307/971589","Of Royal Mantles and Blue Turquoise: The Meaning of the Mexica Emperor's Mantle","Carmen Aguilera","",0,"","2017-01-20T00:00:00Z",", pp. 3-19",""
"https://doi.org/10.1017/S104566350000794X","Piedras Negras and Yaxchilan: Divergent Political Trajectories in Adjacent Maya Polities","Charles Golden, Andrew K. Scherer, A. René Muñoz, Rosaura Vasquez","",0,"","2017-01-20T00:00:00Z",", pp. 249-274",""
"https://doi.org/10.7183/1045-6635.26.2.200","Political Interactions among Social Actors: Spatial Organization at the Classic Maya Polity of El Palmar, Campeche, Mexicó","Kenichiro Tsukamoto, Javier López Camacho, Luz Evelia Campana Valenzuela, Hirokazu Kotegawa, Octavio Q. Esparza Olguín","",0,"","2017-01-20T00:00:00Z",", pp. 200-220",""
"https://doi.org/10.2307/972029","Polychrome Pottery and Political Strategies in Late and Terminal Classic Lowland Maya Society","Lisa J. LeCount","",0,"","2017-01-20T00:00:00Z",", pp. 239-258",""
"https://doi.org/10.2307/972029","Polychrome Pottery and Political Strategies in Late and Terminal Classic Lowland Maya Society","Lisa J. LeCount","",0,"","2017-01-20T00:00:00Z",", pp. 239-258",""
"https://doi.org/10.2307/4141595","","Mark Hauser","",0,"","2017-01-20T00:00:00Z",", pp. 467-469",""
"https://doi.org/10.2307/4141595","","Mark Hauser","",0,"","2017-01-20T00:00:00Z",", pp. 467-469",""
"https://doi.org/10.7183/1045-6635.23.4.355","Regroup On “E-Groups”: Monumentality and Early Centers in the Middle Preclassic Maya Lowlands","James A. Doyle","",0,"","2017-01-20T00:00:00Z",", pp. 355-379",""
"https://doi.org/10.7183/1045-6635.27.1.74","Ritual Diversity and Divergence of Classic Maya Dynastic Traditions: A Lexical Perspective on Within-Group Cultural Variation","Jessica Munson, Jonathan Scholnick, Matthew Looper, Yuriy Polyukhovych, Martha J. Macri","",0,"","2017-01-20T00:00:00Z",", pp. 74-95",""
"https://doi.org/10.7183/1045-6635.27.1.74","Ritual Diversity and Divergence of Classic Maya Dynastic Traditions: A Lexical Perspective on Within-Group Cultural Variation","Jessica Munson, Jonathan Scholnick, Matthew Looper, Yuriy Polyukhovych, Martha J. Macri","",0,"","2017-01-20T00:00:00Z",", pp. 74-95",""
"https://doi.org/10.7183/1045-6635.26.2.162","Salinas De Los Nueve Cerros, Guatemala: A Major Economic Center in the Southern Maya Lowlands","Brent K.S. Woodfill, Brian Dervin Dillon, Marc Wolf, Carlos Avendaño, Ronald Canter","",0,"","2017-01-20T00:00:00Z",", pp. 162-179",""
"https://doi.org/10.7183/1045-6635.26.2.162","Salinas De Los Nueve Cerros, Guatemala: A Major Economic Center in the Southern Maya Lowlands","Brent K.S. Woodfill, Brian Dervin Dillon, Marc Wolf, Carlos Avendaño, Ronald Canter","",0,"","2017-01-20T00:00:00Z",", pp. 162-179",""
"https://doi.org/10.2307/971607","","Elizabeth Graham","",0,"","2017-01-20T00:00:00Z",", pp. 91-93",""
"https://doi.org/10.2307/972169","Site-Planning Principles and Concepts of Directionality among the Ancient Maya","Wendy Ashmore","",0,"","2017-01-20T00:00:00Z",", pp. 199-226",""
"https://doi.org/10.2307/972169","Site-Planning Principles and Concepts of Directionality among the Ancient Maya","Wendy Ashmore","",0,"","2017-01-20T00:00:00Z",", pp. 199-226",""
"https://doi.org/10.2307/972085","Social Complexity and Food Systems at Altun Ha, Belize: The Isotopic Evidence","Christine D. White,  David M. Pendergast,  Fred J. Longstaffe, Kimberley R. Law","",0,"","2017-01-20T00:00:00Z",", pp. 371-393",""
"https://doi.org/10.2307/972085","Social Complexity and Food Systems at Altun Ha, Belize: The Isotopic Evidence","Christine D. White,  David M. Pendergast,  Fred J. Longstaffe, Kimberley R. Law","",0,"","2017-01-20T00:00:00Z",", pp. 371-393",""
"https://doi.org/10.1017/laq.2018.12","","Rochelle Marrinan","",0,"","2018-05-08T00:00:00Z",", pp. 410-411",""
"https://doi.org/10.1017/laq.2018.12","","Rochelle Marrinan","",0,"","2018-05-08T00:00:00Z",", pp. 410-411",""
"https://doi.org/10.2307/971800","Testing the Producer-Consumer Model for Santa Rita Corozal, Belize","John E. Dockall, Harry J. Shafer","",0,"","2017-01-20T00:00:00Z",", pp. 158-179",""
"https://doi.org/10.2307/971823","","Ben A. Nelson","",0,"","2017-01-20T00:00:00Z",", pp. 383-384",""
"https://doi.org/10.2307/971823","","Ben A. Nelson","",0,"","2017-01-20T00:00:00Z",", pp. 383-384",""
"https://doi.org/10.1017/laq.2017.9","","Barbara L. Stark","",0,"","2017-04-26T00:00:00Z",", pp. 311-313",""
"https://doi.org/10.2307/971657","","Norman Hammond","",0,"","2017-01-20T00:00:00Z",", pp. 274-276",""
"https://doi.org/10.1017/laq.2017.44","","Keith Eppich","",0,"","2017-09-14T00:00:00Z",", pp. 618-619",""
"https://doi.org/10.1017/laq.2017.44","","Keith Eppich","",0,"","2017-09-14T00:00:00Z",", pp. 618-619",""
"https://doi.org/10.1017/laq.2017.44","","Keith Eppich","",0,"","2017-09-14T00:00:00Z",", pp. 618-619",""
"https://doi.org/10.1017/laq.2017.44","","Keith Eppich","",0,"","2017-09-14T00:00:00Z",", pp. 618-619",""
"https://doi.org/10.1017/laq.2018.16","","Jamie E. Forde","",0,"","2018-05-08T00:00:00Z",", pp. 407-409",""
"https://doi.org/10.1017/laq.2018.16","","Jamie E. Forde","",0,"","2018-05-08T00:00:00Z",", pp. 407-409",""
"https://doi.org/10.1017/laq.2018.16","","Jamie E. Forde","",0,"","2018-05-08T00:00:00Z",", pp. 407-409",""
"https://doi.org/10.1017/laq.2018.16","","Jamie E. Forde","",0,"","2018-05-08T00:00:00Z",", pp. 407-409",""
"https://doi.org/10.1017/laq.2018.16","","Jamie E. Forde","",0,"","2018-05-08T00:00:00Z",", pp. 407-409",""
"https://doi.org/10.1017/laq.2018.16","","Jamie E. Forde","",0,"","2018-05-08T00:00:00Z",", pp. 407-409",""
"https://doi.org/10.1017/laq.2018.16","","Jamie E. Forde","",0,"","2018-05-08T00:00:00Z",", pp. 407-409",""
"https://doi.org/10.1017/laq.2018.16","","Jamie E. Forde","",0,"","2018-05-08T00:00:00Z",", pp. 407-409",""
"https://doi.org/10.1017/laq.2018.16","","Jamie E. Forde","",0,"","2018-05-08T00:00:00Z",", pp. 407-409",""
"https://doi.org/10.2307/972092","","Louise Burkhart","",0,"","2017-01-20T00:00:00Z",", pp. 435-436",""
"https://doi.org/10.1017/S1045663500007951","Time, Power, and the Maya","Prudence M. Rice","",0,"","2017-01-20T00:00:00Z",", pp. 275-298",""
"https://doi.org/10.2307/971921","","Matthew Looper","",0,"","2017-01-20T00:00:00Z",", pp. 243-244",""
"https://doi.org/10.2307/971921","","Matthew Looper","",0,"","2017-01-20T00:00:00Z",", pp. 243-244",""
"https://doi.org/10.1017/laq.2017.3","VISUALIZING TAYZA, CAPITAL OF THE PETÉN ITZAS: TEASING MEANINGS FROM POSTCLASSIC POTTERY STYLES","Prudence M. Rice","",0,"","2017-04-26T00:00:00Z",", pp. 177-195",""
"https://doi.org/10.2307/971755","Volcanism, Ecology and Culture: A Reassessment of the Volcán Ilopango TBJ Eruption in the Southern Maya Realm","Robert A. Dull,  John R. Southon, Payson Sheets","",0,"","2017-01-20T00:00:00Z",", pp. 25-44",""
"https://doi.org/10.2307/971755","Volcanism, Ecology and Culture: A Reassessment of the Volcán Ilopango TBJ Eruption in the Southern Maya Realm","Robert A. Dull,  John R. Southon, Payson Sheets","",0,"","2017-01-20T00:00:00Z",", pp. 25-44",""
"https://doi.org/10.1017/laq.2017.36","WATCHING THE GAME: VIEWERSHIP OF ARCHITECTURAL MESOAMERICAN BALL COURTS","Barbara L. Stark, Wesley D. Stoner","",0,"","2017-09-18T00:00:00Z",", pp. 409-430",""
"https://doi.org/10.2307/971789","Women, Rituals, and Social Dynamics at Ancient Chalcatzingo","Ann Cyphers Guillén","",0,"","2017-01-20T00:00:00Z",", pp. 209-224",""
"https://doi.org/10.2307/30042493","","Christopher T. Morehart, David L. Lentz, Keith M. Prufer","",0,"","2017-01-20T00:00:00Z",", pp. 255-274",""